"postId","count(*)"
"dudu1899","15831"
"darkhorse","14215"
"dream008","13939"
"gj-peter","10848"
"robertzai","8912"
"jasonflysky","8210"
"steng","8157"
"栗子～","8092"
"beyond乐与怒","7914"
"reservoir","7898"
"vanlein","7774"
"luohuayixiao","7711"
"迟到千年@","7348"
"魔由心生","7228"
"commetoi","6746"
"九月高跟鞋","6737"
"嘻哈球狂","6395"
"vivitao","5866"
"flameworld","5749"
"heijianc","5709"
"晴天有时下猪","5175"
"guiccer","5146"
"ch2j2","5052"
"hide的魂","4914"
"平衡线","4779"
"kouhoutei","4530"
"txp139","4496"
"zf057","4434"
"猫妈妈","4384"
"妖精七七","4367"
"qing83221","4360"
"Mポ不I","4355"
"ggrrxx","4272"
"Bill_Ma","4207"
"DrunkCappuccino","4048"
"我爹","3879"
"watermelon1750","3874"
"朱秋镜","3855"
"challenge2210","3844"
"咖啡加胡椒","3541"
"kittywww","3429"
"小亩《","3409"
"本杰明","3317"
"非灰","3283"
"City-Hunter","3261"
"shushuang","3258"
"180987209","3235"
"n屺泾]印","3218"
"玉笛","3194"
"空间几何","3178"
"无敌神猫","3155"
"coffeegao","3115"
"yupjessie","3083"
"婉晚","3081"
"myfly2005","3069"
"dear_carol","2954"
"７１年山丘","2940"
"芝芝麻","2931"
"Holsety","2865"
"dingyu19860324","2863"
"李敖有话说","2815"
"一万英尺的天边","2802"
"思啸","2771"
"Scolumyale","2768"
"ronnie21","2762"
"cnwuhao","2752"
"figohit","2743"
"addjyl","2740"
"虫一样的疯子","2721"
"yzhou_1919","2703"
"资深文盲","2695"
"rosalineluo","2679"
"GentlePig","2594"
"littlemark","2536"
"暴力出淼蔫子","2530"
"Cutely","2529"
"12345beckham","2478"
"奇异山丘","2419"
"感觉刹那","2417"
"熟悉感觉","2376"
"seaprincess9","2361"
"MichaelHsu170","2354"
"誓言○开天辟地","2351"
"一杯暖暖的乌龙","2313"
"非法_用户","2295"
"duanhang","2287"
"一个人的圣经","2262"
"莫西","2251"
"福贝贝","2248"
"麦兜^@^","2245"
"db⒏j爝","2243"
"failure","2239"
"hicfa","2236"
"tilx","2224"
"QQ多","2212"
"摩西摩西。","2208"
"歌德","2186"
"CherryCola","2181"
"Billy.","2181"
"weal_blue","2171"

