"postId","sum(bd.pictureNum)"
"renzhq","1432"
"雾物语","1173"
"风舞傲雪","682"
"shushuang","593"
"porterli","572"
"zf057","561"
"steng","490"
"hicfa","467"
"猫妈妈","439"
"魔由心生","436"
"robertzai","420"
"CHARRIOL215","370"
"12345beckham","343"
"我爹","339"
"db⒏j爝","325"
"wengxiaocn","325"
"晴天有时下猪","292"
"lxxwpy","275"
"小亩《","264"
"夜机","261"
"爱若有天意","248"
"一千年的守侯","239"
"xq46","229"
"一万英尺的天边","211"
"MONYA","199"
"wososowo","199"
"myfly2005","196"
"xboy1984","193"
"Anjanette","192"
"迟到千年@","185"
"乾坤易","183"
"辰雨清风","169"
"玉笛","163"
"ziegfelt","157"
"乐未央","155"
"revinpei","155"
"咖啡加胡椒","151"
"dream008","150"
"plough7","149"
"looyang123","148"
"必杀技","147"
"bobotoday307","147"
"最后发表","145"
"watermelon1750","144"
"新豆子","142"
"大蝌蚪","142"
"salinna33","140"
"ebilu","140"
"麦迪听RAP","140"
"kevin0123","139"
"wshuaiba","139"
"乾达婆","138"
"今宵酒醒何处","136"
"dudu1899","128"
"舞戈","125"
"dingyu19860324","125"
"７１年山丘","123"
"missyminnie","123"
"DrunkCappuccino","123"
"小明星","120"
"jjuin","118"
"栗子～","118"
"picoolcat","118"
"qing83221","116"
"heijianc","116"
"darkhorse","116"
"littlemark","115"
"reservoir","114"
"challenge2210","114"
"isaac1985","114"
"MoCuishle-MU","111"
"bruner","110"
"xwshi","107"
"allen_annie","107"
"vivitao","103"
"衣若薰香","101"
"Bill_Ma","100"
"luohuayixiao","100"
"flameworld","100"
"cion","98"
"Stephanie8866","98"
"罐装de心情","94"
"yupjessie","93"
"九月高跟鞋","93"
"缇蓝般若","92"
"allyole","92"
"ruixue7042","90"
"★★★★★★","90"
"PS250","90"
"sxbk","88"
"jenny_8212","87"
"洛书河图","87"
"xixihaha12","86"
"天心正法","86"
"beyond乐与怒","85"
"airylea","84"
"guiccer","83"
"ggrrxx","83"
"rockscorpion5","82"
"harryzyy","82"

